Date,Visitor,Home
10/7/2025,Chicago Blackhawks,Florida Panthers
10/7/2025,Colorado Avalanche,Los Angeles Kings
10/7/2025,Pittsburgh Penguins,New York Rangers
10/8/2025,Calgary Flames,Edmonton Oilers
10/8/2025,Montreal Canadiens,Toronto Maple Leafs
10/8/2025,Los Angeles Kings,Vegas Golden Knights
10/8/2025,Boston Bruins,Washington Capitals
10/9/2025,Chicago Blackhawks,Boston Bruins
10/9/2025,New York Rangers,Buffalo Sabres
10/9/2025,New Jersey Devils,Carolina Hurricanes
10/9/2025,Utah Mammoth,Colorado Avalanche
10/9/2025,Montreal Canadiens,Detroit Red Wings
10/9/2025,Philadelphia Flyers,Florida Panthers
10/9/2025,Columbus Blue Jackets,Nashville Predators
10/9/2025,New York Islanders,Pittsburgh Penguins
10/9/2025,Anaheim Ducks,Seattle Kraken
10/9/2025,Vegas Golden Knights,San Jose Sharks
10/9/2025,Minnesota Wild,St. Louis Blues
10/9/2025,Ottawa Senators,Tampa Bay Lightning
10/9/2025,Calgary Flames,Vancouver Canucks
10/9/2025,Dallas Stars,Winnipeg Jets
10/11/2025,Buffalo Sabres,Boston Bruins
10/11/2025,Philadelphia Flyers,Carolina Hurricanes
10/11/2025,St. Louis Blues,Calgary Flames
10/11/2025,Montreal Canadiens,Chicago Blackhawks
10/11/2025,Dallas Stars,Colorado Avalanche
10/11/2025,Toronto Maple Leafs,Detroit Red Wings
10/11/2025,Vancouver Canucks,Edmonton Oilers
10/11/2025,Ottawa Senators,Florida Panthers
10/11/2025,Columbus Blue Jackets,Minnesota Wild
10/11/2025,Utah Mammoth,Nashville Predators
10/11/2025,Washington Capitals,New York Islanders
10/11/2025,New York Rangers,Pittsburgh Penguins
10/11/2025,Vegas Golden Knights,Seattle Kraken
10/11/2025,Anaheim Ducks,San Jose Sharks
10/11/2025,New Jersey Devils,Tampa Bay Lightning
10/11/2025,Los Angeles Kings,Winnipeg Jets
10/12/2025,Washington Capitals,New York Rangers
10/13/2025,Tampa Bay Lightning,Boston Bruins
10/13/2025,Colorado Avalanche,Buffalo Sabres
10/13/2025,New Jersey Devils,Columbus Blue Jackets
10/13/2025,Utah Mammoth,Chicago Blackhawks
10/13/2025,Los Angeles Kings,Minnesota Wild
10/13/2025,Winnipeg Jets,New York Islanders
10/13/2025,Nashville Predators,Ottawa Senators
10/13/2025,Florida Panthers,Philadelphia Flyers
10/13/2025,Detroit Red Wings,Toronto Maple Leafs
10/13/2025,St. Louis Blues,Vancouver Canucks
10/14/2025,Pittsburgh Penguins,Anaheim Ducks
10/14/2025,Vegas Golden Knights,Calgary Flames
10/14/2025,Minnesota Wild,Dallas Stars
10/14/2025,Seattle Kraken,Montreal Canadiens
10/14/2025,Edmonton Oilers,New York Rangers
10/14/2025,Carolina Hurricanes,San Jose Sharks
10/14/2025,Nashville Predators,Toronto Maple Leafs
10/14/2025,Tampa Bay Lightning,Washington Capitals
10/15/2025,Ottawa Senators,Buffalo Sabres
10/15/2025,Florida Panthers,Detroit Red Wings
10/15/2025,Chicago Blackhawks,St. Louis Blues
10/15/2025,Calgary Flames,Utah Mammoth
10/16/2025,Carolina Hurricanes,Anaheim Ducks
10/16/2025,Colorado Avalanche,Columbus Blue Jackets
10/16/2025,Vancouver Canucks,Dallas Stars
10/16/2025,Pittsburgh Penguins,Los Angeles Kings
10/16/2025,Nashville Predators,Montreal Canadiens
10/16/2025,Florida Panthers,New Jersey Devils
10/16/2025,Edmonton Oilers,New York Islanders
10/16/2025,Seattle Kraken,Ottawa Senators
10/16/2025,Winnipeg Jets,Philadelphia Flyers
10/16/2025,New York Rangers,Toronto Maple Leafs
10/16/2025,Boston Bruins,Vegas Golden Knights
10/17/2025,Vancouver Canucks,Chicago Blackhawks
10/17/2025,Tampa Bay Lightning,Detroit Red Wings
10/17/2025,San Jose Sharks,Utah Mammoth
10/17/2025,Minnesota Wild,Washington Capitals
10/18/2025,Florida Panthers,Buffalo Sabres
10/18/2025,Tampa Bay Lightning,Columbus Blue Jackets
10/18/2025,Boston Bruins,Colorado Avalanche
10/18/2025,Carolina Hurricanes,Los Angeles Kings
10/18/2025,New York Rangers,Montreal Canadiens
10/18/2025,Edmonton Oilers,New Jersey Devils
10/18/2025,New York Islanders,Ottawa Senators
10/18/2025,Minnesota Wild,Philadelphia Flyers
10/18/2025,Pittsburgh Penguins,San Jose Sharks
10/18/2025,Dallas Stars,St. Louis Blues
10/18/2025,Seattle Kraken,Toronto Maple Leafs
10/18/2025,Calgary Flames,Vegas Golden Knights
10/18/2025,Nashville Predators,Winnipeg Jets
10/19/2025,Anaheim Ducks,Chicago Blackhawks
10/19/2025,Edmonton Oilers,Detroit Red Wings
10/19/2025,Boston Bruins,Utah Mammoth
10/19/2025,Vancouver Canucks,Washington Capitals
10/20/2025,Winnipeg Jets,Calgary Flames
10/20/2025,Buffalo Sabres,Montreal Canadiens
10/20/2025,Minnesota Wild,New York Rangers
10/20/2025,Seattle Kraken,Philadelphia Flyers
10/20/2025,Carolina Hurricanes,Vegas Golden Knights
10/21/2025,Florida Panthers,Boston Bruins
10/21/2025,Columbus Blue Jackets,Dallas Stars
10/21/2025,Anaheim Ducks,Nashville Predators
10/21/2025,San Jose Sharks,New York Islanders
10/21/2025,Edmonton Oilers,Ottawa Senators
10/21/2025,Vancouver Canucks,Pittsburgh Penguins
10/21/2025,Los Angeles Kings,St. Louis Blues
10/21/2025,New Jersey Devils,Toronto Maple Leafs
10/21/2025,Colorado Avalanche,Utah Mammoth
10/21/2025,Seattle Kraken,Washington Capitals
10/22/2025,Detroit Red Wings,Buffalo Sabres
10/22/2025,Montreal Canadiens,Calgary Flames
10/22/2025,Minnesota Wild,New Jersey Devils
10/23/2025,Anaheim Ducks,Boston Bruins
10/23/2025,Carolina Hurricanes,Colorado Avalanche
10/23/2025,Los Angeles Kings,Dallas Stars
10/23/2025,Montreal Canadiens,Edmonton Oilers
10/23/2025,Pittsburgh Penguins,Florida Panthers
10/23/2025,Vancouver Canucks,Nashville Predators
10/23/2025,Detroit Red Wings,New York Islanders
10/23/2025,San Jose Sharks,New York Rangers
10/23/2025,Philadelphia Flyers,Ottawa Senators
10/23/2025,Utah Mammoth,St. Louis Blues
10/23/2025,Chicago Blackhawks,Tampa Bay Lightning
10/23/2025,Seattle Kraken,Winnipeg Jets
10/24/2025,Toronto Maple Leafs,Buffalo Sabres
10/24/2025,Washington Capitals,Columbus Blue Jackets
10/24/2025,San Jose Sharks,New Jersey Devils
10/24/2025,Calgary Flames,Winnipeg Jets
10/25/2025,Colorado Avalanche,Boston Bruins
10/25/2025,Carolina Hurricanes,Dallas Stars
10/25/2025,St. Louis Blues,Detroit Red Wings
10/25/2025,Vegas Golden Knights,Florida Panthers
10/25/2025,Utah Mammoth,Minnesota Wild
10/25/2025,Los Angeles Kings,Nashville Predators
10/25/2025,New York Islanders,Philadelphia Flyers
10/25/2025,Columbus Blue Jackets,Pittsburgh Penguins
10/25/2025,Edmonton Oilers,Seattle Kraken
10/25/2025,Anaheim Ducks,Tampa Bay Lightning
10/25/2025,Buffalo Sabres,Toronto Maple Leafs
10/25/2025,Montreal Canadiens,Vancouver Canucks
10/25/2025,Ottawa Senators,Washington Capitals
10/26/2025,New York Rangers,Calgary Flames
10/26/2025,Los Angeles Kings,Chicago Blackhawks
10/26/2025,San Jose Sharks,Minnesota Wild
10/26/2025,Colorado Avalanche,New Jersey Devils
10/26/2025,Dallas Stars,Nashville Predators
10/26/2025,Vegas Golden Knights,Tampa Bay Lightning
10/26/2025,Edmonton Oilers,Vancouver Canucks
10/26/2025,Utah Mammoth,Winnipeg Jets
10/27/2025,Boston Bruins,Ottawa Senators
10/27/2025,St. Louis Blues,Pittsburgh Penguins
10/28/2025,New York Islanders,Boston Bruins
10/28/2025,Columbus Blue Jackets,Buffalo Sabres
10/28/2025,Vegas Golden Knights,Carolina Hurricanes
10/28/2025,Ottawa Senators,Chicago Blackhawks
10/28/2025,New Jersey Devils,Colorado Avalanche
10/28/2025,Washington Capitals,Dallas Stars
10/28/2025,Utah Mammoth,Edmonton Oilers
10/28/2025,Anaheim Ducks,Florida Panthers
10/28/2025,Winnipeg Jets,Minnesota Wild
10/28/2025,Tampa Bay Lightning,Nashville Predators
10/28/2025,Pittsburgh Penguins,Philadelphia Flyers
10/28/2025,Montreal Canadiens,Seattle Kraken
10/28/2025,Los Angeles Kings,San Jose Sharks
10/28/2025,Detroit Red Wings,St. Louis Blues
10/28/2025,Calgary Flames,Toronto Maple Leafs
10/28/2025,New York Rangers,Vancouver Canucks
10/29/2025,Toronto Maple Leafs,Columbus Blue Jackets
10/30/2025,Buffalo Sabres,Boston Bruins
10/30/2025,New York Islanders,Carolina Hurricanes
10/30/2025,New York Rangers,Edmonton Oilers
10/30/2025,Detroit Red Wings,Los Angeles Kings
10/30/2025,Pittsburgh Penguins,Minnesota Wild
10/30/2025,Calgary Flames,Ottawa Senators
10/30/2025,Nashville Predators,Philadelphia Flyers
10/30/2025,New Jersey Devils,San Jose Sharks
10/30/2025,Vancouver Canucks,St. Louis Blues
10/30/2025,Dallas Stars,Tampa Bay Lightning
10/30/2025,Chicago Blackhawks,Winnipeg Jets
10/31/2025,Detroit Red Wings,Anaheim Ducks
10/31/2025,Colorado Avalanche,Vegas Golden Knights
10/31/2025,New York Islanders,Washington Capitals
11/1/2025,Carolina Hurricanes,Boston Bruins
11/1/2025,Washington Capitals,Buffalo Sabres
11/1/2025,St. Louis Blues,Columbus Blue Jackets
11/1/2025,Chicago Blackhawks,Edmonton Oilers
11/1/2025,Dallas Stars,Florida Panthers
11/1/2025,New Jersey Devils,Los Angeles Kings
11/1/2025,Vancouver Canucks,Minnesota Wild
11/1/2025,Ottawa Senators,Montreal Canadiens
11/1/2025,Calgary Flames,Nashville Predators
11/1/2025,Toronto Maple Leafs,Philadelphia Flyers
11/1/2025,New York Rangers,Seattle Kraken
11/1/2025,Colorado Avalanche,San Jose Sharks
11/1/2025,Pittsburgh Penguins,Winnipeg Jets
11/2/2025,New Jersey Devils,Anaheim Ducks
11/2/2025,Columbus Blue Jackets,New York Islanders
11/2/2025,Calgary Flames,Philadelphia Flyers
11/2/2025,Detroit Red Wings,San Jose Sharks
11/2/2025,Tampa Bay Lightning,Utah Mammoth
11/3/2025,Vancouver Canucks,Nashville Predators
11/3/2025,Chicago Blackhawks,Seattle Kraken
11/3/2025,Edmonton Oilers,St. Louis Blues
11/3/2025,Pittsburgh Penguins,Toronto Maple Leafs
11/4/2025,Florida Panthers,Anaheim Ducks
11/4/2025,Utah Mammoth,Buffalo Sabres
11/4/2025,Tampa Bay Lightning,Colorado Avalanche
11/4/2025,Edmonton Oilers,Dallas Stars
11/4/2025,Winnipeg Jets,Los Angeles Kings
11/4/2025,Nashville Predators,Minnesota Wild
11/4/2025,Philadelphia Flyers,Montreal Canadiens
11/4/2025,Boston Bruins,New York Islanders
11/4/2025,Carolina Hurricanes,New York Rangers
11/4/2025,Detroit Red Wings,Vegas Golden Knights
11/5/2025,Columbus Blue Jackets,Calgary Flames
11/5/2025,San Jose Sharks,Seattle Kraken
11/5/2025,Utah Mammoth,Toronto Maple Leafs
11/5/2025,Chicago Blackhawks,Vancouver Canucks
11/5/2025,St. Louis Blues,Washington Capitals
11/6/2025,Ottawa Senators,Boston Bruins
11/6/2025,St. Louis Blues,Buffalo Sabres
11/6/2025,Minnesota Wild,Carolina Hurricanes
11/6/2025,Anaheim Ducks,Dallas Stars
11/6/2025,Florida Panthers,Los Angeles Kings
11/6/2025,Montreal Canadiens,New Jersey Devils
11/6/2025,Philadelphia Flyers,Nashville Predators
11/6/2025,Washington Capitals,Pittsburgh Penguins
11/6/2025,Tampa Bay Lightning,Vegas Golden Knights
11/7/2025,Chicago Blackhawks,Calgary Flames
11/7/2025,New York Rangers,Detroit Red Wings
11/7/2025,Minnesota Wild,New York Islanders
11/7/2025,Winnipeg Jets,San Jose Sharks
11/8/2025,Buffalo Sabres,Carolina Hurricanes
11/8/2025,Colorado Avalanche,Edmonton Oilers
11/8/2025,Utah Mammoth,Montreal Canadiens
11/8/2025,Pittsburgh Penguins,New Jersey Devils
11/8/2025,Dallas Stars,Nashville Predators
11/8/2025,New York Islanders,New York Rangers
11/8/2025,Ottawa Senators,Philadelphia Flyers
11/8/2025,Florida Panthers,San Jose Sharks
11/8/2025,Seattle Kraken,St. Louis Blues
11/8/2025,Washington Capitals,Tampa Bay Lightning
11/8/2025,Boston Bruins,Toronto Maple Leafs
11/8/2025,Columbus Blue Jackets,Vancouver Canucks
11/8/2025,Anaheim Ducks,Vegas Golden Knights
11/9/2025,Winnipeg Jets,Anaheim Ducks
11/9/2025,Seattle Kraken,Dallas Stars
11/9/2025,Chicago Blackhawks,Detroit Red Wings
11/9/2025,Calgary Flames,Minnesota Wild
11/9/2025,Utah Mammoth,Ottawa Senators
11/9/2025,Los Angeles Kings,Pittsburgh Penguins
11/9/2025,Carolina Hurricanes,Toronto Maple Leafs
11/9/2025,Colorado Avalanche,Vancouver Canucks
11/10/2025,Columbus Blue Jackets,Edmonton Oilers
11/10/2025,New York Islanders,New Jersey Devils
11/10/2025,Nashville Predators,New York Rangers
11/10/2025,Florida Panthers,Vegas Golden Knights
11/11/2025,Toronto Maple Leafs,Boston Bruins
11/11/2025,Washington Capitals,Carolina Hurricanes
11/11/2025,Anaheim Ducks,Colorado Avalanche
11/11/2025,San Jose Sharks,Minnesota Wild
11/11/2025,Los Angeles Kings,Montreal Canadiens
11/11/2025,Dallas Stars,Ottawa Senators
11/11/2025,Columbus Blue Jackets,Seattle Kraken
11/11/2025,Calgary Flames,St. Louis Blues
11/11/2025,Winnipeg Jets,Vancouver Canucks
11/12/2025,New Jersey Devils,Chicago Blackhawks
11/12/2025,Edmonton Oilers,Philadelphia Flyers
11/12/2025,New York Rangers,Tampa Bay Lightning
11/12/2025,Buffalo Sabres,Utah Mammoth
11/13/2025,Edmonton Oilers,Columbus Blue Jackets
11/13/2025,San Jose Sharks,Calgary Flames
11/13/2025,Buffalo Sabres,Colorado Avalanche
11/13/2025,Anaheim Ducks,Detroit Red Wings
11/13/2025,Washington Capitals,Florida Panthers
11/13/2025,Dallas Stars,Montreal Canadiens
11/13/2025,Boston Bruins,Ottawa Senators
11/13/2025,Winnipeg Jets,Seattle Kraken
11/13/2025,Los Angeles Kings,Toronto Maple Leafs
11/13/2025,New York Islanders,Vegas Golden Knights
11/14/2025,Vancouver Canucks,Carolina Hurricanes
11/14/2025,Pittsburgh Penguins,Nashville Predators
11/14/2025,Philadelphia Flyers,St. Louis Blues
11/14/2025,New York Islanders,Utah Mammoth
11/15/2025,Edmonton Oilers,Carolina Hurricanes
11/15/2025,New York Rangers,Columbus Blue Jackets
11/15/2025,Winnipeg Jets,Calgary Flames
11/15/2025,Toronto Maple Leafs,Chicago Blackhawks
11/15/2025,Philadelphia Flyers,Dallas Stars
11/15/2025,Buffalo Sabres,Detroit Red Wings
11/15/2025,Tampa Bay Lightning,Florida Panthers
11/15/2025,Anaheim Ducks,Minnesota Wild
11/15/2025,Boston Bruins,Montreal Canadiens
11/15/2025,Los Angeles Kings,Ottawa Senators
11/15/2025,San Jose Sharks,Seattle Kraken
11/15/2025,Vegas Golden Knights,St. Louis Blues
11/15/2025,New Jersey Devils,Washington Capitals
11/16/2025,New York Islanders,Colorado Avalanche
11/16/2025,Vegas Golden Knights,Minnesota Wild
11/16/2025,Detroit Red Wings,New York Rangers
11/16/2025,Nashville Predators,Pittsburgh Penguins
11/16/2025,Vancouver Canucks,Tampa Bay Lightning
11/17/2025,Utah Mammoth,Anaheim Ducks
11/17/2025,Carolina Hurricanes,Boston Bruins
11/17/2025,Edmonton Oilers,Buffalo Sabres
11/17/2025,Montreal Canadiens,Columbus Blue Jackets
11/17/2025,Vancouver Canucks,Florida Panthers
11/17/2025,Los Angeles Kings,Washington Capitals
11/18/2025,Calgary Flames,Chicago Blackhawks
11/18/2025,New York Islanders,Dallas Stars
11/18/2025,Seattle Kraken,Detroit Red Wings
11/18/2025,Utah Mammoth,San Jose Sharks
11/18/2025,New Jersey Devils,Tampa Bay Lightning
11/18/2025,St. Louis Blues,Toronto Maple Leafs
11/18/2025,New York Rangers,Vegas Golden Knights
11/18/2025,Columbus Blue Jackets,Winnipeg Jets
11/19/2025,Boston Bruins,Anaheim Ducks
11/19/2025,Calgary Flames,Buffalo Sabres
11/19/2025,Carolina Hurricanes,Minnesota Wild
11/19/2025,Edmonton Oilers,Washington Capitals
11/20/2025,Ottawa Senators,Anaheim Ducks
11/20/2025,Seattle Kraken,Chicago Blackhawks
11/20/2025,New York Rangers,Colorado Avalanche
11/20/2025,New York Islanders,Detroit Red Wings
11/20/2025,New Jersey Devils,Florida Panthers
11/20/2025,Washington Capitals,Montreal Canadiens
11/20/2025,St. Louis Blues,Philadelphia Flyers
11/20/2025,Los Angeles Kings,San Jose Sharks
11/20/2025,Edmonton Oilers,Tampa Bay Lightning
11/20/2025,Columbus Blue Jackets,Toronto Maple Leafs
11/20/2025,Vegas Golden Knights,Utah Mammoth
11/20/2025,Dallas Stars,Vancouver Canucks
11/21/2025,Chicago Blackhawks,Buffalo Sabres
11/21/2025,Boston Bruins,Los Angeles Kings
11/21/2025,Minnesota Wild,Pittsburgh Penguins
11/21/2025,Carolina Hurricanes,Winnipeg Jets
11/22/2025,Vegas Golden Knights,Anaheim Ducks
11/22/2025,Dallas Stars,Calgary Flames
11/22/2025,Columbus Blue Jackets,Detroit Red Wings
11/22/2025,Edmonton Oilers,Florida Panthers
11/22/2025,Toronto Maple Leafs,Montreal Canadiens
11/22/2025,Colorado Avalanche,Nashville Predators
11/22/2025,St. Louis Blues,New York Islanders
11/22/2025,New Jersey Devils,Philadelphia Flyers
11/22/2025,Seattle Kraken,Pittsburgh Penguins
11/22/2025,Ottawa Senators,San Jose Sharks
11/22/2025,New York Rangers,Utah Mammoth
11/22/2025,Tampa Bay Lightning,Washington Capitals
11/23/2025,Carolina Hurricanes,Buffalo Sabres
11/23/2025,Colorado Avalanche,Chicago Blackhawks
11/23/2025,Seattle Kraken,New York Islanders
11/23/2025,Boston Bruins,San Jose Sharks
11/23/2025,Calgary Flames,Vancouver Canucks
11/23/2025,Minnesota Wild,Winnipeg Jets
11/24/2025,Ottawa Senators,Los Angeles Kings
11/24/2025,Detroit Red Wings,New Jersey Devils
11/24/2025,Florida Panthers,Nashville Predators
11/24/2025,St. Louis Blues,New York Rangers
11/24/2025,Philadelphia Flyers,Tampa Bay Lightning
11/24/2025,Vegas Golden Knights,Utah Mammoth
11/24/2025,Columbus Blue Jackets,Washington Capitals
11/25/2025,Dallas Stars,Edmonton Oilers
11/26/2025,Vancouver Canucks,Anaheim Ducks
11/26/2025,New York Rangers,Carolina Hurricanes
11/26/2025,Toronto Maple Leafs,Columbus Blue Jackets
11/26/2025,Minnesota Wild,Chicago Blackhawks
11/26/2025,San Jose Sharks,Colorado Avalanche
11/26/2025,Nashville Predators,Detroit Red Wings
11/26/2025,Philadelphia Flyers,Florida Panthers
11/26/2025,St. Louis Blues,New Jersey Devils
11/26/2025,Boston Bruins,New York Islanders
11/26/2025,Buffalo Sabres,Pittsburgh Penguins
11/26/2025,Dallas Stars,Seattle Kraken
11/26/2025,Calgary Flames,Tampa Bay Lightning
11/26/2025,Montreal Canadiens,Utah Mammoth
11/26/2025,Ottawa Senators,Vegas Golden Knights
11/26/2025,Winnipeg Jets,Washington Capitals
11/28/2025,Los Angeles Kings,Anaheim Ducks
11/28/2025,New York Rangers,Boston Bruins
11/28/2025,New Jersey Devils,Buffalo Sabres
11/28/2025,Winnipeg Jets,Carolina Hurricanes
11/28/2025,Pittsburgh Penguins,Columbus Blue Jackets
11/28/2025,Nashville Predators,Chicago Blackhawks
11/28/2025,Utah Mammoth,Dallas Stars
11/28/2025,Tampa Bay Lightning,Detroit Red Wings
11/28/2025,Calgary Flames,Florida Panthers
11/28/2025,Colorado Avalanche,Minnesota Wild
11/28/2025,Philadelphia Flyers,New York Islanders
11/28/2025,Vancouver Canucks,San Jose Sharks
11/28/2025,Ottawa Senators,St. Louis Blues
11/28/2025,Montreal Canadiens,Vegas Golden Knights
11/28/2025,Toronto Maple Leafs,Washington Capitals
11/29/2025,Detroit Red Wings,Boston Bruins
11/29/2025,Montreal Canadiens,Colorado Avalanche
11/29/2025,Vancouver Canucks,Los Angeles Kings
11/29/2025,Buffalo Sabres,Minnesota Wild
11/29/2025,Philadelphia Flyers,New Jersey Devils
11/29/2025,Winnipeg Jets,Nashville Predators
11/29/2025,Tampa Bay Lightning,New York Rangers
11/29/2025,Toronto Maple Leafs,Pittsburgh Penguins
11/29/2025,Edmonton Oilers,Seattle Kraken
11/29/2025,Utah Mammoth,St. Louis Blues
11/29/2025,San Jose Sharks,Vegas Golden Knights
11/30/2025,Calgary Flames,Carolina Hurricanes
11/30/2025,Anaheim Ducks,Chicago Blackhawks
11/30/2025,Ottawa Senators,Dallas Stars
11/30/2025,Washington Capitals,New York Islanders
12/1/2025,Winnipeg Jets,Buffalo Sabres
12/1/2025,Columbus Blue Jackets,New Jersey Devils
12/1/2025,Pittsburgh Penguins,Philadelphia Flyers
12/1/2025,Utah Mammoth,San Jose Sharks
12/1/2025,Anaheim Ducks,St. Louis Blues
12/2/2025,Vancouver Canucks,Colorado Avalanche
12/2/2025,Boston Bruins,Detroit Red Wings
12/2/2025,Minnesota Wild,Edmonton Oilers
12/2/2025,Toronto Maple Leafs,Florida Panthers
12/2/2025,Washington Capitals,Los Angeles Kings
12/2/2025,Ottawa Senators,Montreal Canadiens
12/2/2025,Calgary Flames,Nashville Predators
12/2/2025,Tampa Bay Lightning,New York Islanders
12/2/2025,Dallas Stars,New York Rangers
12/2/2025,Chicago Blackhawks,Vegas Golden Knights
12/3/2025,Utah Mammoth,Anaheim Ducks
12/3/2025,Winnipeg Jets,Montreal Canadiens
12/3/2025,Dallas Stars,New Jersey Devils
12/3/2025,Buffalo Sabres,Philadelphia Flyers
12/3/2025,Washington Capitals,San Jose Sharks
12/4/2025,St. Louis Blues,Boston Bruins
12/4/2025,Toronto Maple Leafs,Carolina Hurricanes
12/4/2025,Detroit Red Wings,Columbus Blue Jackets
12/4/2025,Minnesota Wild,Calgary Flames
12/4/2025,Seattle Kraken,Edmonton Oilers
12/4/2025,Nashville Predators,Florida Panthers
12/4/2025,Chicago Blackhawks,Los Angeles Kings
12/4/2025,Colorado Avalanche,New York Islanders
12/4/2025,New York Rangers,Ottawa Senators
12/4/2025,Pittsburgh Penguins,Tampa Bay Lightning
12/5/2025,Washington Capitals,Anaheim Ducks
12/5/2025,San Jose Sharks,Dallas Stars
12/5/2025,Vegas Golden Knights,New Jersey Devils
12/5/2025,Utah Mammoth,Vancouver Canucks
12/5/2025,Buffalo Sabres,Winnipeg Jets
12/6/2025,New Jersey Devils,Boston Bruins
12/6/2025,Nashville Predators,Carolina Hurricanes
12/6/2025,Utah Mammoth,Calgary Flames
12/6/2025,Winnipeg Jets,Edmonton Oilers
12/6/2025,Columbus Blue Jackets,Florida Panthers
12/6/2025,Chicago Blackhawks,Los Angeles Kings
12/6/2025,Colorado Avalanche,New York Rangers
12/6/2025,St. Louis Blues,Ottawa Senators
12/6/2025,Detroit Red Wings,Seattle Kraken
12/6/2025,New York Islanders,Tampa Bay Lightning
12/6/2025,Montreal Canadiens,Toronto Maple Leafs
12/6/2025,Minnesota Wild,Vancouver Canucks
12/7/2025,Chicago Blackhawks,Anaheim Ducks
12/7/2025,San Jose Sharks,Carolina Hurricanes
12/7/2025,Pittsburgh Penguins,Dallas Stars
12/7/2025,New York Islanders,Florida Panthers
12/7/2025,St. Louis Blues,Montreal Canadiens
12/7/2025,Vegas Golden Knights,New York Rangers
12/7/2025,Colorado Avalanche,Philadelphia Flyers
12/7/2025,Columbus Blue Jackets,Washington Capitals
12/8/2025,Buffalo Sabres,Calgary Flames
12/8/2025,Minnesota Wild,Seattle Kraken
12/8/2025,Tampa Bay Lightning,Toronto Maple Leafs
12/8/2025,Los Angeles Kings,Utah Mammoth
12/8/2025,Detroit Red Wings,Vancouver Canucks
12/9/2025,Columbus Blue Jackets,Carolina Hurricanes
12/9/2025,Buffalo Sabres,Edmonton Oilers
12/9/2025,Tampa Bay Lightning,Montreal Canadiens
12/9/2025,Colorado Avalanche,Nashville Predators
12/9/2025,Vegas Golden Knights,New York Islanders
12/9/2025,New Jersey Devils,Ottawa Senators
12/9/2025,San Jose Sharks,Philadelphia Flyers
12/9/2025,Anaheim Ducks,Pittsburgh Penguins
12/9/2025,Boston Bruins,St. Louis Blues
12/9/2025,Dallas Stars,Winnipeg Jets
12/10/2025,Detroit Red Wings,Calgary Flames
12/10/2025,New York Rangers,Chicago Blackhawks
12/10/2025,Los Angeles Kings,Seattle Kraken
12/10/2025,Florida Panthers,Utah Mammoth
12/11/2025,Ottawa Senators,Columbus Blue Jackets
12/11/2025,Florida Panthers,Colorado Avalanche
12/11/2025,Detroit Red Wings,Edmonton Oilers
12/11/2025,Dallas Stars,Minnesota Wild
12/11/2025,Tampa Bay Lightning,New Jersey Devils
12/11/2025,St. Louis Blues,Nashville Predators
12/11/2025,Anaheim Ducks,New York Islanders
12/11/2025,Vegas Golden Knights,Philadelphia Flyers
12/11/2025,Montreal Canadiens,Pittsburgh Penguins
12/11/2025,San Jose Sharks,Toronto Maple Leafs
12/11/2025,Buffalo Sabres,Vancouver Canucks
12/11/2025,Boston Bruins,Winnipeg Jets
12/11/2025,Carolina Hurricanes,Washington Capitals
12/12/2025,Chicago Blackhawks,St. Louis Blues
12/12/2025,Seattle Kraken,Utah Mammoth
12/13/2025,Vegas Golden Knights,Columbus Blue Jackets
12/13/2025,Detroit Red Wings,Chicago Blackhawks
12/13/2025,Nashville Predators,Colorado Avalanche
12/13/2025,Florida Panthers,Dallas Stars
12/13/2025,Calgary Flames,Los Angeles Kings
12/13/2025,Ottawa Senators,Minnesota Wild
12/13/2025,Anaheim Ducks,New Jersey Devils
12/13/2025,Tampa Bay Lightning,New York Islanders
12/13/2025,Montreal Canadiens,New York Rangers
12/13/2025,Carolina Hurricanes,Philadelphia Flyers
12/13/2025,San Jose Sharks,Pittsburgh Penguins
12/13/2025,Edmonton Oilers,Toronto Maple Leafs
12/13/2025,Washington Capitals,Winnipeg Jets
12/14/2025,Philadelphia Flyers,Carolina Hurricanes
12/14/2025,Boston Bruins,Minnesota Wild
12/14/2025,Edmonton Oilers,Montreal Canadiens
12/14/2025,Vancouver Canucks,New Jersey Devils
12/14/2025,Utah Mammoth,Pittsburgh Penguins
12/14/2025,Buffalo Sabres,Seattle Kraken
12/15/2025,Los Angeles Kings,Dallas Stars
12/15/2025,Anaheim Ducks,New York Rangers
12/15/2025,Nashville Predators,St. Louis Blues
12/15/2025,Florida Panthers,Tampa Bay Lightning
12/15/2025,Ottawa Senators,Winnipeg Jets
12/16/2025,Utah Mammoth,Boston Bruins
12/16/2025,Anaheim Ducks,Columbus Blue Jackets
12/16/2025,New York Islanders,Detroit Red Wings
12/16/2025,Washington Capitals,Minnesota Wild
12/16/2025,Philadelphia Flyers,Montreal Canadiens
12/16/2025,Vancouver Canucks,New York Rangers
12/16/2025,Edmonton Oilers,Pittsburgh Penguins
12/16/2025,Colorado Avalanche,Seattle Kraken
12/16/2025,Calgary Flames,San Jose Sharks
12/16/2025,Chicago Blackhawks,Toronto Maple Leafs
12/17/2025,Utah Mammoth,Detroit Red Wings
12/17/2025,Los Angeles Kings,Florida Panthers
12/17/2025,Carolina Hurricanes,Nashville Predators
12/17/2025,Winnipeg Jets,St. Louis Blues
12/17/2025,New Jersey Devils,Vegas Golden Knights
12/18/2025,Edmonton Oilers,Boston Bruins
12/18/2025,Philadelphia Flyers,Buffalo Sabres
12/18/2025,Minnesota Wild,Columbus Blue Jackets
12/18/2025,Seattle Kraken,Calgary Flames
12/18/2025,Chicago Blackhawks,Montreal Canadiens
12/18/2025,Pittsburgh Penguins,Ottawa Senators
12/18/2025,Dallas Stars,San Jose Sharks
12/18/2025,New York Rangers,St. Louis Blues
12/18/2025,Los Angeles Kings,Tampa Bay Lightning
12/18/2025,Toronto Maple Leafs,Washington Capitals
12/19/2025,Dallas Stars,Anaheim Ducks
12/19/2025,Winnipeg Jets,Colorado Avalanche
12/19/2025,Carolina Hurricanes,Florida Panthers
12/19/2025,Vancouver Canucks,New York Islanders
12/19/2025,New Jersey Devils,Utah Mammoth
12/20/2025,Columbus Blue Jackets,Anaheim Ducks
12/20/2025,Vancouver Canucks,Boston Bruins
12/20/2025,New York Islanders,Buffalo Sabres
12/20/2025,Vegas Golden Knights,Calgary Flames
12/20/2025,St. Louis Blues,Florida Panthers
12/20/2025,Edmonton Oilers,Minnesota Wild
12/20/2025,Pittsburgh Penguins,Montreal Canadiens
12/20/2025,Toronto Maple Leafs,Nashville Predators
12/20/2025,Philadelphia Flyers,New York Rangers
12/20/2025,Chicago Blackhawks,Ottawa Senators
12/20/2025,Seattle Kraken,San Jose Sharks
12/20/2025,Carolina Hurricanes,Tampa Bay Lightning
12/20/2025,Detroit Red Wings,Washington Capitals
12/21/2025,Ottawa Senators,Boston Bruins
12/21/2025,Toronto Maple Leafs,Dallas Stars
12/21/2025,Washington Capitals,Detroit Red Wings
12/21/2025,Vegas Golden Knights,Edmonton Oilers
12/21/2025,Colorado Avalanche,Minnesota Wild
12/21/2025,Buffalo Sabres,New Jersey Devils
12/21/2025,New York Rangers,Nashville Predators
12/21/2025,Montreal Canadiens,Pittsburgh Penguins
12/21/2025,Winnipeg Jets,Utah Mammoth
12/22/2025,Seattle Kraken,Anaheim Ducks
12/22/2025,Columbus Blue Jackets,Los Angeles Kings
12/22/2025,Vancouver Canucks,Philadelphia Flyers
12/22/2025,St. Louis Blues,Tampa Bay Lightning
12/23/2025,Montreal Canadiens,Boston Bruins
12/23/2025,Florida Panthers,Carolina Hurricanes
12/23/2025,Philadelphia Flyers,Chicago Blackhawks
12/23/2025,Utah Mammoth,Colorado Avalanche
12/23/2025,Dallas Stars,Detroit Red Wings
12/23/2025,Calgary Flames,Edmonton Oilers
12/23/2025,Seattle Kraken,Los Angeles Kings
12/23/2025,Nashville Predators,Minnesota Wild
12/23/2025,New Jersey Devils,New York Islanders
12/23/2025,Buffalo Sabres,Ottawa Senators
12/23/2025,Pittsburgh Penguins,Toronto Maple Leafs
12/23/2025,San Jose Sharks,Vegas Golden Knights
12/23/2025,New York Rangers,Washington Capitals
12/27/2025,Boston Bruins,Buffalo Sabres
12/27/2025,Detroit Red Wings,Carolina Hurricanes
12/27/2025,Edmonton Oilers,Calgary Flames
12/27/2025,Chicago Blackhawks,Dallas Stars
12/27/2025,Tampa Bay Lightning,Florida Panthers
12/27/2025,Anaheim Ducks,Los Angeles Kings
12/27/2025,Washington Capitals,New Jersey Devils
12/27/2025,New York Rangers,New York Islanders
12/27/2025,Nashville Predators,St. Louis Blues
12/27/2025,Ottawa Senators,Toronto Maple Leafs
12/27/2025,San Jose Sharks,Vancouver Canucks
12/27/2025,Colorado Avalanche,Vegas Golden Knights
12/27/2025,Minnesota Wild,Winnipeg Jets
12/28/2025,New York Islanders,Columbus Blue Jackets
12/28/2025,Pittsburgh Penguins,Chicago Blackhawks
12/28/2025,Toronto Maple Leafs,Detroit Red Wings
12/28/2025,Philadelphia Flyers,Seattle Kraken
12/28/2025,Montreal Canadiens,Tampa Bay Lightning
12/29/2025,San Jose Sharks,Anaheim Ducks
12/29/2025,New York Rangers,Carolina Hurricanes
12/29/2025,Boston Bruins,Calgary Flames
12/29/2025,Los Angeles Kings,Colorado Avalanche
12/29/2025,Washington Capitals,Florida Panthers
12/29/2025,Columbus Blue Jackets,Ottawa Senators
12/29/2025,Vancouver Canucks,Seattle Kraken
12/29/2025,Buffalo Sabres,St. Louis Blues
12/29/2025,Nashville Predators,Utah Mammoth
12/29/2025,Minnesota Wild,Vegas Golden Knights
12/29/2025,Edmonton Oilers,Winnipeg Jets
12/30/2025,New York Islanders,Chicago Blackhawks
12/30/2025,Montreal Canadiens,Florida Panthers
12/30/2025,Carolina Hurricanes,Pittsburgh Penguins
12/30/2025,New Jersey Devils,Toronto Maple Leafs
12/30/2025,Philadelphia Flyers,Vancouver Canucks
12/31/2025,Tampa Bay Lightning,Anaheim Ducks
12/31/2025,New Jersey Devils,Columbus Blue Jackets
12/31/2025,Philadelphia Flyers,Calgary Flames
12/31/2025,St. Louis Blues,Colorado Avalanche
12/31/2025,Buffalo Sabres,Dallas Stars
12/31/2025,Winnipeg Jets,Detroit Red Wings
12/31/2025,Boston Bruins,Edmonton Oilers
12/31/2025,Minnesota Wild,San Jose Sharks
12/31/2025,Nashville Predators,Vegas Golden Knights
12/31/2025,New York Rangers,Washington Capitals
1/1/2026,Montreal Canadiens,Carolina Hurricanes
1/1/2026,Dallas Stars,Chicago Blackhawks
1/1/2026,Tampa Bay Lightning,Los Angeles Kings
1/1/2026,Utah Mammoth,New York Islanders
1/1/2026,Washington Capitals,Ottawa Senators
1/1/2026,Detroit Red Wings,Pittsburgh Penguins
1/1/2026,Nashville Predators,Seattle Kraken
1/1/2026,Winnipeg Jets,Toronto Maple Leafs
1/2/2026,Minnesota Wild,Anaheim Ducks
1/2/2026,New York Rangers,Florida Panthers
1/2/2026,Vegas Golden Knights,St. Louis Blues
1/2/2026,Seattle Kraken,Vancouver Canucks
1/3/2026,Colorado Avalanche,Carolina Hurricanes
1/3/2026,Buffalo Sabres,Columbus Blue Jackets
1/3/2026,Nashville Predators,Calgary Flames
1/3/2026,Pittsburgh Penguins,Detroit Red Wings
1/3/2026,Philadelphia Flyers,Edmonton Oilers
1/3/2026,Minnesota Wild,Los Angeles Kings
1/3/2026,Utah Mammoth,New Jersey Devils
1/3/2026,Toronto Maple Leafs,New York Islanders
1/3/2026,Winnipeg Jets,Ottawa Senators
1/3/2026,Tampa Bay Lightning,San Jose Sharks
1/3/2026,Montreal Canadiens,St. Louis Blues
1/3/2026,Boston Bruins,Vancouver Canucks
1/3/2026,Chicago Blackhawks,Washington Capitals
1/4/2026,Pittsburgh Penguins,Columbus Blue Jackets
1/4/2026,Vegas Golden Knights,Chicago Blackhawks
1/4/2026,Montreal Canadiens,Dallas Stars
1/4/2026,Colorado Avalanche,Florida Panthers
1/4/2026,Carolina Hurricanes,New Jersey Devils
1/5/2026,Seattle Kraken,Calgary Flames
1/5/2026,Minnesota Wild,Los Angeles Kings
1/5/2026,Utah Mammoth,New York Rangers
1/5/2026,Detroit Red Wings,Ottawa Senators
1/5/2026,Anaheim Ducks,Washington Capitals
1/6/2026,Vancouver Canucks,Buffalo Sabres
1/6/2026,Dallas Stars,Carolina Hurricanes
1/6/2026,Nashville Predators,Edmonton Oilers
1/6/2026,New Jersey Devils,New York Islanders
1/6/2026,Anaheim Ducks,Philadelphia Flyers
1/6/2026,Boston Bruins,Seattle Kraken
1/6/2026,Columbus Blue Jackets,San Jose Sharks
1/6/2026,Colorado Avalanche,Tampa Bay Lightning
1/6/2026,Florida Panthers,Toronto Maple Leafs
1/6/2026,Vegas Golden Knights,Winnipeg Jets
1/7/2026,St. Louis Blues,Chicago Blackhawks
1/7/2026,San Jose Sharks,Los Angeles Kings
1/7/2026,Calgary Flames,Montreal Canadiens
1/7/2026,Ottawa Senators,Utah Mammoth
1/7/2026,Dallas Stars,Washington Capitals
1/8/2026,Calgary Flames,Boston Bruins
1/8/2026,Anaheim Ducks,Carolina Hurricanes
1/8/2026,Ottawa Senators,Colorado Avalanche
1/8/2026,Vancouver Canucks,Detroit Red Wings
1/8/2026,Florida Panthers,Montreal Canadiens
1/8/2026,New York Islanders,Nashville Predators
1/8/2026,Buffalo Sabres,New York Rangers
1/8/2026,Toronto Maple Leafs,Philadelphia Flyers
1/8/2026,New Jersey Devils,Pittsburgh Penguins
1/8/2026,Minnesota Wild,Seattle Kraken
1/8/2026,Columbus Blue Jackets,Vegas Golden Knights
1/8/2026,Edmonton Oilers,Winnipeg Jets
1/9/2026,Washington Capitals,Chicago Blackhawks
1/9/2026,St. Louis Blues,Utah Mammoth
1/9/2026,Los Angeles Kings,Winnipeg Jets
1/10/2026,New York Rangers,Boston Bruins
1/10/2026,Anaheim Ducks,Buffalo Sabres
1/10/2026,Seattle Kraken,Carolina Hurricanes
1/10/2026,Columbus Blue Jackets,Colorado Avalanche
1/10/2026,Los Angeles Kings,Edmonton Oilers
1/10/2026,New York Islanders,Minnesota Wild
1/10/2026,Detroit Red Wings,Montreal Canadiens
1/10/2026,Chicago Blackhawks,Nashville Predators
1/10/2026,Florida Panthers,Ottawa Senators
1/10/2026,Tampa Bay Lightning,Philadelphia Flyers
1/10/2026,Calgary Flames,Pittsburgh Penguins
1/10/2026,Dallas Stars,San Jose Sharks
1/10/2026,Vancouver Canucks,Toronto Maple Leafs
1/10/2026,St. Louis Blues,Vegas Golden Knights
1/11/2026,Pittsburgh Penguins,Boston Bruins
1/11/2026,Washington Capitals,Nashville Predators
1/11/2026,Vegas Golden Knights,San Jose Sharks
1/11/2026,Columbus Blue Jackets,Utah Mammoth
1/11/2026,New Jersey Devils,Winnipeg Jets
1/12/2026,Florida Panthers,Buffalo Sabres
1/12/2026,Edmonton Oilers,Chicago Blackhawks
1/12/2026,Toronto Maple Leafs,Colorado Avalanche
1/12/2026,Carolina Hurricanes,Detroit Red Wings
1/12/2026,Dallas Stars,Los Angeles Kings
1/12/2026,New Jersey Devils,Minnesota Wild
1/12/2026,Vancouver Canucks,Montreal Canadiens
1/12/2026,Seattle Kraken,New York Rangers
1/12/2026,Tampa Bay Lightning,Philadelphia Flyers
1/13/2026,Dallas Stars,Anaheim Ducks
1/13/2026,Detroit Red Wings,Boston Bruins
1/13/2026,Calgary Flames,Columbus Blue Jackets
1/13/2026,Edmonton Oilers,Nashville Predators
1/13/2026,Vancouver Canucks,Ottawa Senators
1/13/2026,Tampa Bay Lightning,Pittsburgh Penguins
1/13/2026,Carolina Hurricanes,St. Louis Blues
1/13/2026,Toronto Maple Leafs,Utah Mammoth
1/13/2026,New York Islanders,Winnipeg Jets
1/13/2026,Montreal Canadiens,Washington Capitals
1/14/2026,Philadelphia Flyers,Buffalo Sabres
1/14/2026,Vegas Golden Knights,Los Angeles Kings
1/14/2026,Seattle Kraken,New Jersey Devils
1/14/2026,Ottawa Senators,New York Rangers
1/15/2026,Seattle Kraken,Boston Bruins
1/15/2026,Montreal Canadiens,Buffalo Sabres
1/15/2026,Vancouver Canucks,Columbus Blue Jackets
1/15/2026,Calgary Flames,Chicago Blackhawks
1/15/2026,New York Islanders,Edmonton Oilers
1/15/2026,Winnipeg Jets,Minnesota Wild
1/15/2026,Philadelphia Flyers,Pittsburgh Penguins
1/15/2026,Dallas Stars,Utah Mammoth
1/15/2026,Toronto Maple Leafs,Vegas Golden Knights
1/15/2026,San Jose Sharks,Washington Capitals
1/16/2026,Florida Panthers,Carolina Hurricanes
1/16/2026,Nashville Predators,Colorado Avalanche
1/16/2026,San Jose Sharks,Detroit Red Wings
1/16/2026,Anaheim Ducks,Los Angeles Kings
1/16/2026,Tampa Bay Lightning,St. Louis Blues
1/17/2026,Los Angeles Kings,Anaheim Ducks
1/17/2026,Minnesota Wild,Buffalo Sabres
1/17/2026,New York Islanders,Calgary Flames
1/17/2026,Boston Bruins,Chicago Blackhawks
1/17/2026,Carolina Hurricanes,New Jersey Devils
1/17/2026,Montreal Canadiens,Ottawa Senators
1/17/2026,New York Rangers,Philadelphia Flyers
1/17/2026,Columbus Blue Jackets,Pittsburgh Penguins
1/17/2026,Seattle Kraken,Utah Mammoth
1/17/2026,Edmonton Oilers,Vancouver Canucks
1/17/2026,Nashville Predators,Vegas Golden Knights
1/17/2026,Toronto Maple Leafs,Winnipeg Jets
1/17/2026,Florida Panthers,Washington Capitals
1/18/2026,Tampa Bay Lightning,Dallas Stars
1/18/2026,Ottawa Senators,Detroit Red Wings
1/18/2026,St. Louis Blues,Edmonton Oilers
1/19/2026,New York Rangers,Anaheim Ducks
1/19/2026,Buffalo Sabres,Carolina Hurricanes
1/19/2026,New Jersey Devils,Calgary Flames
1/19/2026,Winnipeg Jets,Chicago Blackhawks
1/19/2026,Washington Capitals,Colorado Avalanche
1/19/2026,San Jose Sharks,Florida Panthers
1/19/2026,Pittsburgh Penguins,Seattle Kraken
1/19/2026,Minnesota Wild,Toronto Maple Leafs
1/19/2026,New York Islanders,Vancouver Canucks
1/19/2026,Philadelphia Flyers,Vegas Golden Knights
1/20/2026,Ottawa Senators,Columbus Blue Jackets
1/20/2026,Boston Bruins,Dallas Stars
1/20/2026,New Jersey Devils,Edmonton Oilers
1/20/2026,New York Rangers,Los Angeles Kings
1/20/2026,Minnesota Wild,Montreal Canadiens
1/20/2026,Buffalo Sabres,Nashville Predators
1/20/2026,San Jose Sharks,Tampa Bay Lightning
1/20/2026,St. Louis Blues,Winnipeg Jets
1/21/2026,Pittsburgh Penguins,Calgary Flames
1/21/2026,Anaheim Ducks,Colorado Avalanche
1/21/2026,New York Islanders,Seattle Kraken
1/21/2026,Detroit Red Wings,Toronto Maple Leafs
1/21/2026,Philadelphia Flyers,Utah Mammoth
1/21/2026,Washington Capitals,Vancouver Canucks
1/22/2026,Vegas Golden Knights,Boston Bruins
1/22/2026,Chicago Blackhawks,Carolina Hurricanes
1/22/2026,Dallas Stars,Columbus Blue Jackets
1/22/2026,Pittsburgh Penguins,Edmonton Oilers
1/22/2026,Detroit Red Wings,Minnesota Wild
1/22/2026,Buffalo Sabres,Montreal Canadiens
1/22/2026,Ottawa Senators,Nashville Predators
1/22/2026,Florida Panthers,Winnipeg Jets
1/23/2026,Washington Capitals,Calgary Flames
1/23/2026,Tampa Bay Lightning,Chicago Blackhawks
1/23/2026,Philadelphia Flyers,Colorado Avalanche
1/23/2026,St. Louis Blues,Dallas Stars
1/23/2026,Anaheim Ducks,Seattle Kraken
1/23/2026,New York Rangers,San Jose Sharks
1/23/2026,Vegas Golden Knights,Toronto Maple Leafs
1/23/2026,New Jersey Devils,Vancouver Canucks
1/24/2026,Montreal Canadiens,Boston Bruins
1/24/2026,Tampa Bay Lightning,Columbus Blue Jackets
1/24/2026,Washington Capitals,Edmonton Oilers
1/24/2026,Florida Panthers,Minnesota Wild
1/24/2026,Utah Mammoth,Nashville Predators
1/24/2026,Buffalo Sabres,New York Islanders
1/24/2026,Carolina Hurricanes,Ottawa Senators
1/24/2026,Los Angeles Kings,St. Louis Blues
1/24/2026,Detroit Red Wings,Winnipeg Jets
1/25/2026,Anaheim Ducks,Calgary Flames
1/25/2026,Florida Panthers,Chicago Blackhawks
1/25/2026,Vegas Golden Knights,Ottawa Senators
1/25/2026,New Jersey Devils,Seattle Kraken
1/25/2026,Colorado Avalanche,Toronto Maple Leafs
1/25/2026,Pittsburgh Penguins,Vancouver Canucks
1/26/2026,Los Angeles Kings,Columbus Blue Jackets
1/26/2026,Anaheim Ducks,Edmonton Oilers
1/26/2026,Boston Bruins,New York Rangers
1/26/2026,New York Islanders,Philadelphia Flyers
1/26/2026,Utah Mammoth,Tampa Bay Lightning
1/27/2026,Nashville Predators,Boston Bruins
1/27/2026,Los Angeles Kings,Detroit Red Wings
1/27/2026,Utah Mammoth,Florida Panthers
1/27/2026,Chicago Blackhawks,Minnesota Wild
1/27/2026,Vegas Golden Knights,Montreal Canadiens
1/27/2026,Winnipeg Jets,New Jersey Devils
1/27/2026,Washington Capitals,Seattle Kraken
1/27/2026,Dallas Stars,St. Louis Blues
1/27/2026,Buffalo Sabres,Toronto Maple Leafs
1/27/2026,San Jose Sharks,Vancouver Canucks
1/28/2026,Philadelphia Flyers,Columbus Blue Jackets
1/28/2026,New York Rangers,New York Islanders
1/28/2026,Colorado Avalanche,Ottawa Senators
1/29/2026,Philadelphia Flyers,Boston Bruins
1/29/2026,Los Angeles Kings,Buffalo Sabres
1/29/2026,Utah Mammoth,Carolina Hurricanes
1/29/2026,Washington Capitals,Detroit Red Wings
1/29/2026,San Jose Sharks,Edmonton Oilers
1/29/2026,Calgary Flames,Minnesota Wild
1/29/2026,Colorado Avalanche,Montreal Canadiens
1/29/2026,Nashville Predators,New Jersey Devils
1/29/2026,New York Islanders,New York Rangers
1/29/2026,Chicago Blackhawks,Pittsburgh Penguins
1/29/2026,Toronto Maple Leafs,Seattle Kraken
1/29/2026,Florida Panthers,St. Louis Blues
1/29/2026,Winnipeg Jets,Tampa Bay Lightning
1/29/2026,Anaheim Ducks,Vancouver Canucks
1/29/2026,Dallas Stars,Vegas Golden Knights
1/30/2026,Columbus Blue Jackets,Chicago Blackhawks
1/31/2026,Montreal Canadiens,Buffalo Sabres
1/31/2026,San Jose Sharks,Calgary Flames
1/31/2026,Colorado Avalanche,Detroit Red Wings
1/31/2026,Minnesota Wild,Edmonton Oilers
1/31/2026,Winnipeg Jets,Florida Panthers
1/31/2026,Nashville Predators,New York Islanders
1/31/2026,New Jersey Devils,Ottawa Senators
1/31/2026,Los Angeles Kings,Philadelphia Flyers
1/31/2026,New York Rangers,Pittsburgh Penguins
1/31/2026,Columbus Blue Jackets,St. Louis Blues
1/31/2026,Dallas Stars,Utah Mammoth
1/31/2026,Toronto Maple Leafs,Vancouver Canucks
1/31/2026,Seattle Kraken,Vegas Golden Knights
1/31/2026,Carolina Hurricanes,Washington Capitals
2/1/2026,Vegas Golden Knights,Anaheim Ducks
2/1/2026,Los Angeles Kings,Carolina Hurricanes
2/1/2026,Boston Bruins,Tampa Bay Lightning
2/2/2026,Toronto Maple Leafs,Calgary Flames
2/2/2026,San Jose Sharks,Chicago Blackhawks
2/2/2026,Detroit Red Wings,Colorado Avalanche
2/2/2026,Winnipeg Jets,Dallas Stars
2/2/2026,Buffalo Sabres,Florida Panthers
2/2/2026,Montreal Canadiens,Minnesota Wild
2/2/2026,St. Louis Blues,Nashville Predators
2/2/2026,Ottawa Senators,Pittsburgh Penguins
2/2/2026,Vancouver Canucks,Utah Mammoth
2/2/2026,New York Islanders,Washington Capitals
2/3/2026,Seattle Kraken,Anaheim Ducks
2/3/2026,Ottawa Senators,Carolina Hurricanes
2/3/2026,Toronto Maple Leafs,Edmonton Oilers
2/3/2026,Columbus Blue Jackets,New Jersey Devils
2/3/2026,Pittsburgh Penguins,New York Islanders
2/3/2026,Washington Capitals,Philadelphia Flyers
2/3/2026,Buffalo Sabres,Tampa Bay Lightning
2/4/2026,Chicago Blackhawks,Columbus Blue Jackets
2/4/2026,Edmonton Oilers,Calgary Flames
2/4/2026,San Jose Sharks,Colorado Avalanche
2/4/2026,St. Louis Blues,Dallas Stars
2/4/2026,Boston Bruins,Florida Panthers
2/4/2026,Seattle Kraken,Los Angeles Kings
2/4/2026,Minnesota Wild,Nashville Predators
2/4/2026,Detroit Red Wings,Utah Mammoth
2/4/2026,Vancouver Canucks,Vegas Golden Knights
2/4/2026,Montreal Canadiens,Winnipeg Jets
2/5/2026,Pittsburgh Penguins,Buffalo Sabres
2/5/2026,New York Islanders,New Jersey Devils
2/5/2026,Carolina Hurricanes,New York Rangers
2/5/2026,Ottawa Senators,Philadelphia Flyers
2/5/2026,Florida Panthers,Tampa Bay Lightning
2/5/2026,Los Angeles Kings,Vegas Golden Knights
2/5/2026,Nashville Predators,Washington Capitals
2/25/2026,Edmonton Oilers,Anaheim Ducks
2/25/2026,Seattle Kraken,Dallas Stars
2/25/2026,Vegas Golden Knights,Los Angeles Kings
2/25/2026,Buffalo Sabres,New Jersey Devils
2/25/2026,Toronto Maple Leafs,Tampa Bay Lightning
2/25/2026,Colorado Avalanche,Utah Mammoth
2/25/2026,Winnipeg Jets,Vancouver Canucks
2/25/2026,Philadelphia Flyers,Washington Capitals
2/26/2026,Columbus Blue Jackets,Boston Bruins
2/26/2026,Tampa Bay Lightning,Carolina Hurricanes
2/26/2026,Minnesota Wild,Colorado Avalanche
2/26/2026,Toronto Maple Leafs,Florida Panthers
2/26/2026,Edmonton Oilers,Los Angeles Kings
2/26/2026,New York Islanders,Montreal Canadiens
2/26/2026,Chicago Blackhawks,Nashville Predators
2/26/2026,Philadelphia Flyers,New York Rangers
2/26/2026,Detroit Red Wings,Ottawa Senators
2/26/2026,New Jersey Devils,Pittsburgh Penguins
2/26/2026,Calgary Flames,San Jose Sharks
2/26/2026,Seattle Kraken,St. Louis Blues
2/27/2026,Winnipeg Jets,Anaheim Ducks
2/27/2026,Buffalo Sabres,Florida Panthers
2/27/2026,Minnesota Wild,Utah Mammoth
2/27/2026,Vegas Golden Knights,Washington Capitals
2/28/2026,Detroit Red Wings,Carolina Hurricanes
2/28/2026,New York Islanders,Columbus Blue Jackets
2/28/2026,Chicago Blackhawks,Colorado Avalanche
2/28/2026,Nashville Predators,Dallas Stars
2/28/2026,Calgary Flames,Los Angeles Kings
2/28/2026,Washington Capitals,Montreal Canadiens
2/28/2026,Pittsburgh Penguins,New York Rangers
2/28/2026,Boston Bruins,Philadelphia Flyers
2/28/2026,Vancouver Canucks,Seattle Kraken
2/28/2026,Edmonton Oilers,San Jose Sharks
2/28/2026,New Jersey Devils,St. Louis Blues
2/28/2026,Buffalo Sabres,Tampa Bay Lightning
2/28/2026,Ottawa Senators,Toronto Maple Leafs
3/1/2026,Calgary Flames,Anaheim Ducks
3/1/2026,St. Louis Blues,Minnesota Wild
3/1/2026,Florida Panthers,New York Islanders
3/1/2026,Vegas Golden Knights,Pittsburgh Penguins
3/1/2026,Winnipeg Jets,San Jose Sharks
3/1/2026,Chicago Blackhawks,Utah Mammoth
3/2/2026,Colorado Avalanche,Los Angeles Kings
3/2/2026,Detroit Red Wings,Nashville Predators
3/2/2026,Columbus Blue Jackets,New York Rangers
3/2/2026,Carolina Hurricanes,Seattle Kraken
3/2/2026,Philadelphia Flyers,Toronto Maple Leafs
3/2/2026,Dallas Stars,Vancouver Canucks
3/3/2026,Colorado Avalanche,Anaheim Ducks
3/3/2026,Pittsburgh Penguins,Boston Bruins
3/3/2026,Vegas Golden Knights,Buffalo Sabres
3/3/2026,Nashville Predators,Columbus Blue Jackets
3/3/2026,Dallas Stars,Calgary Flames
3/3/2026,Ottawa Senators,Edmonton Oilers
3/3/2026,Tampa Bay Lightning,Minnesota Wild
3/3/2026,Florida Panthers,New Jersey Devils
3/3/2026,Montreal Canadiens,San Jose Sharks
3/3/2026,Chicago Blackhawks,Winnipeg Jets
3/3/2026,Utah Mammoth,Washington Capitals
3/4/2026,New York Islanders,Anaheim Ducks
3/4/2026,Vegas Golden Knights,Detroit Red Wings
3/4/2026,Toronto Maple Leafs,New Jersey Devils
3/4/2026,St. Louis Blues,Seattle Kraken
3/4/2026,Carolina Hurricanes,Vancouver Canucks
3/5/2026,Florida Panthers,Columbus Blue Jackets
3/5/2026,Ottawa Senators,Calgary Flames
3/5/2026,New York Islanders,Los Angeles Kings
3/5/2026,Boston Bruins,Nashville Predators
3/5/2026,Toronto Maple Leafs,New York Rangers
3/5/2026,Utah Mammoth,Philadelphia Flyers
3/5/2026,Buffalo Sabres,Pittsburgh Penguins
3/5/2026,Tampa Bay Lightning,Winnipeg Jets
3/6/2026,Montreal Canadiens,Anaheim Ducks
3/6/2026,Vancouver Canucks,Chicago Blackhawks
3/6/2026,Colorado Avalanche,Dallas Stars
3/6/2026,Florida Panthers,Detroit Red Wings
3/6/2026,Carolina Hurricanes,Edmonton Oilers
3/6/2026,St. Louis Blues,San Jose Sharks
3/6/2026,Minnesota Wild,Vegas Golden Knights
3/7/2026,Washington Capitals,Boston Bruins
3/7/2026,Nashville Predators,Buffalo Sabres
3/7/2026,Utah Mammoth,Columbus Blue Jackets
3/7/2026,Carolina Hurricanes,Calgary Flames
3/7/2026,Montreal Canadiens,Los Angeles Kings
3/7/2026,New York Rangers,New Jersey Devils
3/7/2026,Philadelphia Flyers,Pittsburgh Penguins
3/7/2026,Ottawa Senators,Seattle Kraken
3/7/2026,New York Islanders,San Jose Sharks
3/7/2026,Tampa Bay Lightning,Toronto Maple Leafs
3/7/2026,Vancouver Canucks,Winnipeg Jets
3/8/2026,St. Louis Blues,Anaheim Ducks
3/8/2026,Tampa Bay Lightning,Buffalo Sabres
3/8/2026,Minnesota Wild,Colorado Avalanche
3/8/2026,Chicago Blackhawks,Dallas Stars
3/8/2026,Detroit Red Wings,New Jersey Devils
3/8/2026,Boston Bruins,Pittsburgh Penguins
3/8/2026,Edmonton Oilers,Vegas Golden Knights
3/9/2026,Utah Mammoth,Chicago Blackhawks
3/9/2026,New York Rangers,Philadelphia Flyers
3/9/2026,Ottawa Senators,Vancouver Canucks
3/9/2026,Calgary Flames,Washington Capitals
3/10/2026,Los Angeles Kings,Boston Bruins
3/10/2026,San Jose Sharks,Buffalo Sabres
3/10/2026,Pittsburgh Penguins,Carolina Hurricanes
3/10/2026,Edmonton Oilers,Colorado Avalanche
3/10/2026,Vegas Golden Knights,Dallas Stars
3/10/2026,Detroit Red Wings,Florida Panthers
3/10/2026,Utah Mammoth,Minnesota Wild
3/10/2026,Toronto Maple Leafs,Montreal Canadiens
3/10/2026,Calgary Flames,New York Rangers
3/10/2026,Nashville Predators,Seattle Kraken
3/10/2026,New York Islanders,St. Louis Blues
3/10/2026,Columbus Blue Jackets,Tampa Bay Lightning
3/10/2026,Anaheim Ducks,Winnipeg Jets
3/11/2026,Montreal Canadiens,Ottawa Senators
3/11/2026,Washington Capitals,Philadelphia Flyers
3/12/2026,San Jose Sharks,Boston Bruins
3/12/2026,Washington Capitals,Buffalo Sabres
3/12/2026,St. Louis Blues,Carolina Hurricanes
3/12/2026,Edmonton Oilers,Dallas Stars
3/12/2026,Columbus Blue Jackets,Florida Panthers
3/12/2026,Philadelphia Flyers,Minnesota Wild
3/12/2026,Calgary Flames,New Jersey Devils
3/12/2026,Colorado Avalanche,Seattle Kraken
3/12/2026,Detroit Red Wings,Tampa Bay Lightning
3/12/2026,Anaheim Ducks,Toronto Maple Leafs
3/12/2026,Chicago Blackhawks,Utah Mammoth
3/12/2026,Nashville Predators,Vancouver Canucks
3/12/2026,Pittsburgh Penguins,Vegas Golden Knights
3/12/2026,New York Rangers,Winnipeg Jets
3/13/2026,Los Angeles Kings,New York Islanders
3/13/2026,Edmonton Oilers,St. Louis Blues
3/14/2026,Toronto Maple Leafs,Buffalo Sabres
3/14/2026,Detroit Red Wings,Dallas Stars
3/14/2026,New York Rangers,Minnesota Wild
3/14/2026,San Jose Sharks,Montreal Canadiens
3/14/2026,Los Angeles Kings,New Jersey Devils
3/14/2026,Calgary Flames,New York Islanders
3/14/2026,Anaheim Ducks,Ottawa Senators
3/14/2026,Columbus Blue Jackets,Philadelphia Flyers
3/14/2026,Carolina Hurricanes,Tampa Bay Lightning
3/14/2026,Pittsburgh Penguins,Utah Mammoth
3/14/2026,Seattle Kraken,Vancouver Canucks
3/14/2026,Chicago Blackhawks,Vegas Golden Knights
3/14/2026,Colorado Avalanche,Winnipeg Jets
3/14/2026,Boston Bruins,Washington Capitals
3/15/2026,Nashville Predators,Edmonton Oilers
3/15/2026,Toronto Maple Leafs,Minnesota Wild
3/15/2026,Anaheim Ducks,Montreal Canadiens
3/15/2026,San Jose Sharks,Ottawa Senators
3/15/2026,Florida Panthers,Seattle Kraken
3/15/2026,St. Louis Blues,Winnipeg Jets
3/16/2026,Pittsburgh Penguins,Colorado Avalanche
3/16/2026,Utah Mammoth,Dallas Stars
3/16/2026,Calgary Flames,Detroit Red Wings
3/16/2026,Boston Bruins,New Jersey Devils
3/16/2026,Los Angeles Kings,New York Rangers
3/17/2026,Carolina Hurricanes,Columbus Blue Jackets
3/17/2026,Minnesota Wild,Chicago Blackhawks
3/17/2026,San Jose Sharks,Edmonton Oilers
3/17/2026,Boston Bruins,Montreal Canadiens
3/17/2026,Tampa Bay Lightning,Seattle Kraken
3/17/2026,New York Islanders,Toronto Maple Leafs
3/17/2026,Florida Panthers,Vancouver Canucks
3/17/2026,Buffalo Sabres,Vegas Golden Knights
3/17/2026,Nashville Predators,Winnipeg Jets
3/18/2026,Philadelphia Flyers,Anaheim Ducks
3/18/2026,Pittsburgh Penguins,Carolina Hurricanes
3/18/2026,St. Louis Blues,Calgary Flames
3/18/2026,Dallas Stars,Colorado Avalanche
3/18/2026,New Jersey Devils,New York Rangers
3/18/2026,Ottawa Senators,Washington Capitals
3/19/2026,Winnipeg Jets,Boston Bruins
3/19/2026,New York Rangers,Columbus Blue Jackets
3/19/2026,Montreal Canadiens,Detroit Red Wings
3/19/2026,Florida Panthers,Edmonton Oilers
3/19/2026,Philadelphia Flyers,Los Angeles Kings
3/19/2026,Chicago Blackhawks,Minnesota Wild
3/19/2026,Seattle Kraken,Nashville Predators
3/19/2026,New York Islanders,Ottawa Senators
3/19/2026,Buffalo Sabres,San Jose Sharks
3/19/2026,Tampa Bay Lightning,Vancouver Canucks
3/19/2026,Utah Mammoth,Vegas Golden Knights
3/20/2026,Florida Panthers,Calgary Flames
3/20/2026,Colorado Avalanche,Chicago Blackhawks
3/20/2026,Carolina Hurricanes,Toronto Maple Leafs
3/20/2026,Anaheim Ducks,Utah Mammoth
3/20/2026,New Jersey Devils,Washington Capitals
3/21/2026,Seattle Kraken,Columbus Blue Jackets
3/21/2026,Boston Bruins,Detroit Red Wings
3/21/2026,Tampa Bay Lightning,Edmonton Oilers
3/21/2026,Buffalo Sabres,Los Angeles Kings
3/21/2026,Dallas Stars,Minnesota Wild
3/21/2026,New York Islanders,Montreal Canadiens
3/21/2026,Vegas Golden Knights,Nashville Predators
3/21/2026,Toronto Maple Leafs,Ottawa Senators
3/21/2026,Winnipeg Jets,Pittsburgh Penguins
3/21/2026,Philadelphia Flyers,San Jose Sharks
3/21/2026,St. Louis Blues,Vancouver Canucks
3/22/2026,Buffalo Sabres,Anaheim Ducks
3/22/2026,Tampa Bay Lightning,Calgary Flames
3/22/2026,Nashville Predators,Chicago Blackhawks
3/22/2026,Vegas Golden Knights,Dallas Stars
3/22/2026,Columbus Blue Jackets,New York Islanders
3/22/2026,Winnipeg Jets,New York Rangers
3/22/2026,Carolina Hurricanes,Pittsburgh Penguins
3/22/2026,Los Angeles Kings,Utah Mammoth
3/22/2026,Colorado Avalanche,Washington Capitals
3/23/2026,Ottawa Senators,New York Rangers
3/24/2026,Toronto Maple Leafs,Boston Bruins
3/24/2026,Los Angeles Kings,Calgary Flames
3/24/2026,New Jersey Devils,Dallas Stars
3/24/2026,Ottawa Senators,Detroit Red Wings
3/24/2026,Seattle Kraken,Florida Panthers
3/24/2026,Carolina Hurricanes,Montreal Canadiens
3/24/2026,San Jose Sharks,Nashville Predators
3/24/2026,Chicago Blackhawks,New York Islanders
3/24/2026,Columbus Blue Jackets,Philadelphia Flyers
3/24/2026,Colorado Avalanche,Pittsburgh Penguins
3/24/2026,Washington Capitals,St. Louis Blues
3/24/2026,Minnesota Wild,Tampa Bay Lightning
3/24/2026,Edmonton Oilers,Utah Mammoth
3/24/2026,Anaheim Ducks,Vancouver Canucks
3/24/2026,Vegas Golden Knights,Winnipeg Jets
3/25/2026,Boston Bruins,Buffalo Sabres
3/25/2026,New York Rangers,Toronto Maple Leafs
3/26/2026,Anaheim Ducks,Calgary Flames
3/26/2026,Minnesota Wild,Florida Panthers
3/26/2026,Columbus Blue Jackets,Montreal Canadiens
3/26/2026,New Jersey Devils,Nashville Predators
3/26/2026,Dallas Stars,New York Islanders
3/26/2026,Pittsburgh Penguins,Ottawa Senators
3/26/2026,Chicago Blackhawks,Philadelphia Flyers
3/26/2026,San Jose Sharks,St. Louis Blues
3/26/2026,Seattle Kraken,Tampa Bay Lightning
3/26/2026,Washington Capitals,Utah Mammoth
3/26/2026,Los Angeles Kings,Vancouver Canucks
3/26/2026,Edmonton Oilers,Vegas Golden Knights
3/26/2026,Colorado Avalanche,Winnipeg Jets
3/27/2026,Detroit Red Wings,Buffalo Sabres
3/27/2026,Chicago Blackhawks,New York Rangers
3/28/2026,Minnesota Wild,Boston Bruins
3/28/2026,Seattle Kraken,Buffalo Sabres
3/28/2026,New Jersey Devils,Carolina Hurricanes
3/28/2026,San Jose Sharks,Columbus Blue Jackets
3/28/2026,Vancouver Canucks,Calgary Flames
3/28/2026,Winnipeg Jets,Colorado Avalanche
3/28/2026,Philadelphia Flyers,Detroit Red Wings
3/28/2026,Anaheim Ducks,Edmonton Oilers
3/28/2026,Utah Mammoth,Los Angeles Kings
3/28/2026,Montreal Canadiens,Nashville Predators
3/28/2026,Florida Panthers,New York Islanders
3/28/2026,Dallas Stars,Pittsburgh Penguins
3/28/2026,Toronto Maple Leafs,St. Louis Blues
3/28/2026,Ottawa Senators,Tampa Bay Lightning
3/28/2026,Washington Capitals,Vegas Golden Knights
3/29/2026,Montreal Canadiens,Carolina Hurricanes
3/29/2026,Boston Bruins,Columbus Blue Jackets
3/29/2026,Chicago Blackhawks,New Jersey Devils
3/29/2026,Florida Panthers,New York Rangers
3/29/2026,Dallas Stars,Philadelphia Flyers
3/29/2026,Nashville Predators,Tampa Bay Lightning
3/30/2026,Toronto Maple Leafs,Anaheim Ducks
3/30/2026,Calgary Flames,Colorado Avalanche
3/30/2026,Pittsburgh Penguins,New York Islanders
3/30/2026,St. Louis Blues,San Jose Sharks
3/30/2026,Vancouver Canucks,Vegas Golden Knights
3/31/2026,Dallas Stars,Boston Bruins
3/31/2026,New York Islanders,Buffalo Sabres
3/31/2026,Carolina Hurricanes,Columbus Blue Jackets
3/31/2026,Winnipeg Jets,Chicago Blackhawks
3/31/2026,Seattle Kraken,Edmonton Oilers
3/31/2026,Ottawa Senators,Florida Panthers
3/31/2026,New Jersey Devils,New York Rangers
3/31/2026,Detroit Red Wings,Pittsburgh Penguins
3/31/2026,Montreal Canadiens,Tampa Bay Lightning
3/31/2026,Philadelphia Flyers,Washington Capitals
4/1/2026,Vancouver Canucks,Colorado Avalanche
4/1/2026,St. Louis Blues,Los Angeles Kings
4/1/2026,Anaheim Ducks,San Jose Sharks
4/2/2026,Columbus Blue Jackets,Carolina Hurricanes
4/2/2026,Winnipeg Jets,Dallas Stars
4/2/2026,Chicago Blackhawks,Edmonton Oilers
4/2/2026,Boston Bruins,Florida Panthers
4/2/2026,Nashville Predators,Los Angeles Kings
4/2/2026,Vancouver Canucks,Minnesota Wild
4/2/2026,Washington Capitals,New Jersey Devils
4/2/2026,Montreal Canadiens,New York Rangers
4/2/2026,Buffalo Sabres,Ottawa Senators
4/2/2026,Detroit Red Wings,Philadelphia Flyers
4/2/2026,Utah Mammoth,Seattle Kraken
4/2/2026,Toronto Maple Leafs,San Jose Sharks
4/2/2026,Pittsburgh Penguins,Tampa Bay Lightning
4/2/2026,Calgary Flames,Vegas Golden Knights
4/3/2026,St. Louis Blues,Anaheim Ducks
4/3/2026,Philadelphia Flyers,New York Islanders
4/4/2026,Calgary Flames,Anaheim Ducks
4/4/2026,New York Islanders,Carolina Hurricanes
4/4/2026,Winnipeg Jets,Columbus Blue Jackets
4/4/2026,Colorado Avalanche,Dallas Stars
4/4/2026,Vegas Golden Knights,Edmonton Oilers
4/4/2026,Toronto Maple Leafs,Los Angeles Kings
4/4/2026,Montreal Canadiens,New Jersey Devils
4/4/2026,Detroit Red Wings,New York Rangers
4/4/2026,Minnesota Wild,Ottawa Senators
4/4/2026,Florida Panthers,Pittsburgh Penguins
4/4/2026,Nashville Predators,San Jose Sharks
4/4/2026,Boston Bruins,Tampa Bay Lightning
4/4/2026,Utah Mammoth,Vancouver Canucks
4/4/2026,Buffalo Sabres,Washington Capitals
4/5/2026,St. Louis Blues,Colorado Avalanche
4/5/2026,Minnesota Wild,Detroit Red Wings
4/5/2026,New Jersey Devils,Montreal Canadiens
4/5/2026,Washington Capitals,New York Rangers
4/5/2026,Carolina Hurricanes,Ottawa Senators
4/5/2026,Boston Bruins,Philadelphia Flyers
4/5/2026,Florida Panthers,Pittsburgh Penguins
4/5/2026,Chicago Blackhawks,Seattle Kraken
4/6/2026,Tampa Bay Lightning,Buffalo Sabres
4/6/2026,Nashville Predators,Los Angeles Kings
4/6/2026,Chicago Blackhawks,San Jose Sharks
4/6/2026,Seattle Kraken,Winnipeg Jets
4/7/2026,Nashville Predators,Anaheim Ducks
4/7/2026,Boston Bruins,Carolina Hurricanes
4/7/2026,Calgary Flames,Dallas Stars
4/7/2026,Columbus Blue Jackets,Detroit Red Wings
4/7/2026,Seattle Kraken,Minnesota Wild
4/7/2026,Florida Panthers,Montreal Canadiens
4/7/2026,Philadelphia Flyers,New Jersey Devils
4/7/2026,Tampa Bay Lightning,Ottawa Senators
4/7/2026,Colorado Avalanche,St. Louis Blues
4/7/2026,Edmonton Oilers,Utah Mammoth
4/7/2026,Vegas Golden Knights,Vancouver Canucks
4/8/2026,Buffalo Sabres,New York Rangers
4/8/2026,Washington Capitals,Toronto Maple Leafs
4/9/2026,San Jose Sharks,Anaheim Ducks
4/9/2026,Columbus Blue Jackets,Buffalo Sabres
4/9/2026,Carolina Hurricanes,Chicago Blackhawks
4/9/2026,Calgary Flames,Colorado Avalanche
4/9/2026,Minnesota Wild,Dallas Stars
4/9/2026,Philadelphia Flyers,Detroit Red Wings
4/9/2026,Vancouver Canucks,Los Angeles Kings
4/9/2026,Tampa Bay Lightning,Montreal Canadiens
4/9/2026,Pittsburgh Penguins,New Jersey Devils
4/9/2026,Toronto Maple Leafs,New York Islanders
4/9/2026,Florida Panthers,Ottawa Senators
4/9/2026,Vegas Golden Knights,Seattle Kraken
4/9/2026,Edmonton Oilers,San Jose Sharks
4/9/2026,Winnipeg Jets,St. Louis Blues
4/9/2026,Nashville Predators,Utah Mammoth
4/11/2026,Tampa Bay Lightning,Boston Bruins
4/11/2026,St. Louis Blues,Chicago Blackhawks
4/11/2026,Vegas Golden Knights,Colorado Avalanche
4/11/2026,New York Rangers,Dallas Stars
4/11/2026,New Jersey Devils,Detroit Red Wings
4/11/2026,Edmonton Oilers,Los Angeles Kings
4/11/2026,Columbus Blue Jackets,Montreal Canadiens
4/11/2026,Minnesota Wild,Nashville Predators
4/11/2026,Ottawa Senators,New York Islanders
4/11/2026,Washington Capitals,Pittsburgh Penguins
4/11/2026,Calgary Flames,Seattle Kraken
4/11/2026,Vancouver Canucks,San Jose Sharks
4/11/2026,Florida Panthers,Toronto Maple Leafs
4/11/2026,Carolina Hurricanes,Utah Mammoth
4/11/2026,Philadelphia Flyers,Winnipeg Jets
4/12/2026,Vancouver Canucks,Anaheim Ducks
4/12/2026,Boston Bruins,Columbus Blue Jackets
4/12/2026,Utah Mammoth,Calgary Flames
4/12/2026,Ottawa Senators,New Jersey Devils
4/12/2026,Montreal Canadiens,New York Islanders
4/12/2026,Pittsburgh Penguins,Washington Capitals
4/13/2026,Buffalo Sabres,Chicago Blackhawks
4/13/2026,Colorado Avalanche,Edmonton Oilers
4/13/2026,New York Rangers,Florida Panthers
4/13/2026,San Jose Sharks,Nashville Predators
4/13/2026,Carolina Hurricanes,Philadelphia Flyers
4/13/2026,Los Angeles Kings,Seattle Kraken
4/13/2026,Minnesota Wild,St. Louis Blues
4/13/2026,Detroit Red Wings,Tampa Bay Lightning
4/13/2026,Dallas Stars,Toronto Maple Leafs
4/13/2026,Winnipeg Jets,Vegas Golden Knights
4/14/2026,New Jersey Devils,Boston Bruins
4/14/2026,Washington Capitals,Columbus Blue Jackets
4/14/2026,Colorado Avalanche,Calgary Flames
4/14/2026,Anaheim Ducks,Minnesota Wild
4/14/2026,Carolina Hurricanes,New York Islanders
4/14/2026,Montreal Canadiens,Philadelphia Flyers
4/14/2026,Pittsburgh Penguins,St. Louis Blues
4/14/2026,Winnipeg Jets,Utah Mammoth
4/14/2026,Los Angeles Kings,Vancouver Canucks
4/15/2026,Dallas Stars,Buffalo Sabres
4/15/2026,San Jose Sharks,Chicago Blackhawks
4/15/2026,Detroit Red Wings,Florida Panthers
4/15/2026,Toronto Maple Leafs,Ottawa Senators
4/15/2026,New York Rangers,Tampa Bay Lightning
4/15/2026,Seattle Kraken,Vegas Golden Knights
4/16/2026,Los Angeles Kings,Calgary Flames
4/16/2026,Seattle Kraken,Colorado Avalanche
4/16/2026,Vancouver Canucks,Edmonton Oilers
4/16/2026,Anaheim Ducks,Nashville Predators
4/16/2026,St. Louis Blues,Utah Mammoth
4/16/2026,San Jose Sharks,Winnipeg Jets
